id,first_name,last_name,email,gender,ip_address
1,Jeffy,O'Scollee,joscollee0@blog.com,Agender,239.217.139.180
2,Perceval,Pierucci,ppierucci1@behance.net,Male,104.93.176.55
3,Noll,Todaro,ntodaro2@wiley.com,Male,96.88.17.66
4,Janek,Cicci,jcicci3@dot.gov,Male,72.73.220.236
5,Katee,Klousner,kklousner4@toplist.cz,Bigender,25.9.56.46
6,Christa,Connolly,cconnolly5@linkedin.com,Female,116.128.76.117
7,Robbin,Girodin,rgirodin6@live.com,Female,237.214.145.248
8,Zoe,Gouthier,zgouthier7@theglobeandmail.com,Female,230.39.85.78
9,Joyann,d'Escoffier,jdescoffier8@wp.com,Female,205.132.69.181
10,Terrye,Bilverstone,tbilverstone9@vimeo.com,Genderfluid,6.101.255.17
11,Raphael,Lovick,rlovicka@hibu.com,Male,29.122.76.232
12,Jarib,Heffer,jhefferb@china.com.cn,Male,221.112.44.42
13,Welch,Pratten,wprattenc@wunderground.com,Male,210.82.217.117
14,Grayce,Matiewe,gmatiewed@blogtalkradio.com,Female,84.211.53.103
15,Josefa,Hugin,jhugine@fda.gov,Female,222.61.247.66
16,Gradeigh,Aspden,gaspdenf@sina.com.cn,Male,16.95.173.167
17,Saxe,Langrish,slangrishg@weather.com,Male,147.244.200.130
18,Beulah,Crocroft,bcrocrofth@nifty.com,Female,156.33.12.233
19,Gerhard,Briereton,gbrieretoni@plala.or.jp,Male,8.176.252.243
20,Reggis,Skinley,rskinleyj@census.gov,Male,123.101.196.103
21,Ali,Laxen,alaxenk@rakuten.co.jp,Male,237.187.127.163
22,Emeline,Mahady,emahadyl@google.com.hk,Female,13.147.98.201
23,Keane,Collington,kcollingtonm@live.com,Male,205.164.7.252
24,Kermy,Grute,kgruten@bluehost.com,Male,125.20.73.14
25,Shelley,Mars,smarso@simplemachines.org,Male,56.102.210.95
26,Elysia,Cogzell,ecogzellp@hibu.com,Female,226.6.23.56
27,Eberto,Brastead,ebrasteadq@wikimedia.org,Male,250.240.194.230
28,Angelika,Huckel,ahuckelr@theatlantic.com,Female,86.129.75.140
29,Jerrie,Cottill,jcottills@skyrock.com,Male,19.58.4.205
30,Lynsey,Kubiczek,lkubiczekt@odnoklassniki.ru,Female,5.93.229.197
31,Dyan,Jiruch,djiruchu@seesaa.net,Female,29.241.123.201
32,Timoteo,Cleyne,tcleynev@ft.com,Agender,197.19.118.88
33,Gaston,Simnett,gsimnettw@xing.com,Male,71.174.250.60
34,Jack,Redhead,jredheadx@bbc.co.uk,Male,71.141.113.85
35,Lance,Nawton,lnawtony@ezinearticles.com,Male,227.134.139.122
36,Pattie,Prys,pprysz@ed.gov,Male,154.25.79.254
37,Christoforo,Tremble,ctremble10@businesswire.com,Male,189.68.205.35
38,Beverley,Lockhead,blockhead11@netscape.com,Female,230.205.7.157
39,Aland,Bowmen,abowmen12@china.com.cn,Male,223.189.19.91
40,Sylvia,Scotcher,sscotcher13@comsenz.com,Female,198.132.241.61
41,Dorie,Quaif,dquaif14@marketwatch.com,Female,61.162.13.198
42,Maria,Luckin,mluckin15@oakley.com,Genderfluid,190.39.231.75
43,Alyssa,Welds,awelds16@soundcloud.com,Female,181.1.191.254
44,Cecily,Caps,ccaps17@gnu.org,Female,84.220.172.205
45,Ezri,O'Cannavan,eocannavan18@blogger.com,Male,186.68.69.221
46,Alis,Molder,amolder19@nhs.uk,Female,23.82.221.104
47,Murial,Gosney,mgosney1a@tamu.edu,Female,82.165.219.12
48,Cullen,Cayette,ccayette1b@wufoo.com,Male,41.227.30.240
49,Neile,Rulten,nrulten1c@diigo.com,Female,173.168.46.117
50,Hillary,Della,hdella1d@discovery.com,Male,236.171.6.89
51,Brunhilda,Shurrock,bshurrock1e@wikimedia.org,Female,245.82.207.128
52,Darren,Chapelhow,dchapelhow1f@infoseek.co.jp,Male,138.253.97.94
53,Constancia,Richarz,cricharz1g@imdb.com,Female,107.183.99.9
54,Etienne,Stolli,estolli1h@hao123.com,Male,45.115.8.251
55,Krissie,Neylon,kneylon1i@pagesperso-orange.fr,Female,33.94.240.191
56,Jeri,O'Hogertie,johogertie1j@stanford.edu,Female,9.199.14.10
57,Wat,Buffin,wbuffin1k@utexas.edu,Male,168.114.88.213
58,Jim,Padefield,jpadefield1l@joomla.org,Male,165.152.166.107
59,Salomon,Ghest,sghest1m@cdbaby.com,Male,110.26.144.33
60,Arney,Hamsley,ahamsley1n@com.com,Male,205.140.208.4
61,Kilian,Brandoni,kbrandoni1o@virginia.edu,Male,110.61.40.113
62,Deana,Lillford,dlillford1p@wix.com,Female,199.242.250.218
63,Olivier,Dedney,odedney1q@shop-pro.jp,Male,213.93.163.5
64,Peggie,Jodlkowski,pjodlkowski1r@sakura.ne.jp,Female,168.100.114.0
65,Ad,Creavin,acreavin1s@noaa.gov,Male,208.27.165.41
66,Lianne,Caulfield,lcaulfield1t@gov.uk,Female,194.112.176.42
67,Shermy,Manby,smanby1u@comsenz.com,Male,1.108.88.134
68,Rosaleen,Butterley,rbutterley1v@msn.com,Bigender,183.147.105.149
69,Kelwin,Tuminini,ktuminini1w@gov.uk,Male,66.81.42.169
70,Giusto,Tollett,gtollett1x@example.com,Male,144.204.160.230
71,Cesaro,Fidian,cfidian1y@booking.com,Male,165.86.113.84
72,Cornall,Bemwell,cbemwell1z@paginegialle.it,Male,115.196.241.83
73,Bee,Clutterbuck,bclutterbuck20@woothemes.com,Female,242.193.237.85
74,Helen,Chantler,hchantler21@dropbox.com,Genderfluid,182.9.185.27
75,Jareb,Barczewski,jbarczewski22@cdbaby.com,Male,130.192.27.7
76,Adair,Donalson,adonalson23@earthlink.net,Male,163.35.39.155
77,Norris,Chazelle,nchazelle24@barnesandnoble.com,Male,241.221.78.145
78,Cari,Kinsman,ckinsman25@quantcast.com,Female,127.132.130.123
79,Maxie,O'Hdirscoll,mohdirscoll26@lulu.com,Male,79.90.133.22
80,Gill,Wondraschek,gwondraschek27@phoca.cz,Female,88.244.121.195
81,Melany,Gilbank,mgilbank28@xrea.com,Female,63.34.68.127
82,Lani,Snarie,lsnarie29@vistaprint.com,Female,52.208.83.117
83,Dayle,Tanguy,dtanguy2a@furl.net,Female,56.59.136.144
84,Kellby,Millis,kmillis2b@unesco.org,Male,32.242.153.20
85,Camile,Cawt,ccawt2c@eventbrite.com,Female,48.205.54.243
86,Dominik,Winson,dwinson2d@omniture.com,Male,244.167.8.32
87,Cookie,Lamprey,clamprey2e@google.ru,Polygender,63.51.73.254
88,Arlan,Maslen,amaslen2f@indiatimes.com,Male,223.243.38.164
89,Nicolai,Seamans,nseamans2g@telegraph.co.uk,Male,115.251.114.219
90,Orly,Jurisic,ojurisic2h@de.vu,Female,60.113.164.204
91,Kalinda,Moger,kmoger2i@blog.com,Genderqueer,128.85.26.9
92,Giffie,Hamlen,ghamlen2j@google.com.br,Male,21.90.178.122
93,Merna,Mingay,mmingay2k@europa.eu,Female,161.242.59.125
94,Dalia,Claworth,dclaworth2l@tamu.edu,Female,142.95.39.226
95,Estrellita,Tschiersch,etschiersch2m@cornell.edu,Female,87.223.1.89
96,Marthe,Parradice,mparradice2n@opensource.org,Female,48.211.186.172
97,Jobye,O'Crevan,jocrevan2o@sohu.com,Female,45.42.90.79
98,Ken,McBeith,kmcbeith2p@psu.edu,Male,2.203.107.229
99,Ana,MacAree,amacaree2q@google.it,Female,68.12.42.243
100,Quinta,Barg,qbarg2r@eventbrite.com,Female,209.47.53.212
101,Dina,Shutt,dshutt2s@apache.org,Female,64.149.110.192
102,Sarena,Laurentin,slaurentin2t@columbia.edu,Female,110.44.49.151
103,Lizbeth,Swallwell,lswallwell2u@ihg.com,Female,27.200.128.241
104,Gabriell,Chatfield,gchatfield2v@vk.com,Female,132.249.199.91
105,Byran,Liverock,bliverock2w@indiegogo.com,Male,179.145.190.16
106,Cyndie,Pellissier,cpellissier2x@usa.gov,Female,30.85.226.202
107,Leslie,Boulden,lboulden2y@devhub.com,Male,153.251.110.232
108,Graeme,Favela,gfavela2z@amazon.co.uk,Male,60.116.56.225
109,Rosabella,Hegdonne,rhegdonne30@eventbrite.com,Female,164.22.209.125
110,Fey,Westmore,fwestmore31@google.pl,Female,11.153.222.146
111,Von,Grandin,vgrandin32@storify.com,Male,13.24.198.36
112,Ricky,Meriott,rmeriott33@joomla.org,Female,222.6.251.138
113,Nowell,Fiddeman,nfiddeman34@lulu.com,Male,162.64.88.163
114,Simone,Syne,ssyne35@seesaa.net,Male,169.31.5.112
115,Broderic,Crepin,bcrepin36@theguardian.com,Male,200.157.121.30
116,Moina,Giannazzi,mgiannazzi37@jimdo.com,Female,23.21.39.133
117,Dayna,Fleming,dfleming38@github.com,Female,10.172.230.155
118,Avivah,Astill,aastill39@technorati.com,Female,189.118.171.52
119,Kliment,Jolin,kjolin3a@craigslist.org,Male,178.24.93.201
120,Fitzgerald,McNair,fmcnair3b@google.es,Male,94.20.25.196
121,Daisie,Catlin,dcatlin3c@github.com,Female,41.84.47.43
122,Tallie,Spurett,tspurett3d@sun.com,Female,175.45.39.91
123,Alys,Treend,atreend3e@sogou.com,Female,245.227.183.125
124,Eddy,Coulthard,ecoulthard3f@taobao.com,Male,71.160.98.133
125,Amitie,Deerness,adeerness3g@weibo.com,Female,4.135.93.147
126,Helenka,Gilardengo,hgilardengo3h@google.fr,Female,3.27.238.155
127,Angelia,Mitchell,amitchell3i@imageshack.us,Female,153.143.240.117
128,Herold,Brill,hbrill3j@ox.ac.uk,Non-binary,65.245.58.182
129,Kania,Dannell,kdannell3k@state.tx.us,Female,131.26.38.252
130,Nicki,Falk,nfalk3l@usatoday.com,Female,144.42.143.244
131,Lotty,Olivier,lolivier3m@wordpress.com,Female,64.139.8.103
132,Juliana,Hunnisett,jhunnisett3n@salon.com,Female,178.19.85.17
133,Aloin,Riditch,ariditch3o@nydailynews.com,Male,131.8.245.24
134,Stepha,Harbertson,sharbertson3p@nps.gov,Female,71.165.245.95
135,Allis,Gallehock,agallehock3q@intel.com,Female,218.93.150.111
136,Yuri,Conybear,yconybear3r@slashdot.org,Agender,83.159.230.133
137,Eldon,Buckston,ebuckston3s@dropbox.com,Male,84.216.121.216
138,Shelba,Leisk,sleisk3t@youtube.com,Female,246.108.18.162
139,Imogene,Ertelt,iertelt3u@blogger.com,Female,118.219.188.214
140,Milena,Jearum,mjearum3v@vimeo.com,Female,42.81.176.152
141,Benn,Kerrigan,bkerrigan3w@posterous.com,Male,247.94.135.168
142,Bat,Biasioni,bbiasioni3x@blogger.com,Male,239.52.201.128
143,Moll,De Rechter,mderechter3y@moonfruit.com,Female,36.25.134.204
144,Tadeas,Poulglais,tpoulglais3z@mozilla.org,Male,101.98.179.88
145,Ignatius,Bordiss,ibordiss40@paypal.com,Male,160.78.165.12
146,Chev,Abramovicz,cabramovicz41@123-reg.co.uk,Male,136.195.24.45
147,Bellina,Letchford,bletchford42@csmonitor.com,Polygender,13.10.142.255
148,Towney,Coyish,tcoyish43@mapquest.com,Male,8.196.235.89
149,Filmore,O'Kennedy,fokennedy44@epa.gov,Male,244.225.188.28
150,Schuyler,Redmond,sredmond45@yellowbook.com,Non-binary,92.91.87.198
151,Meredith,Fergie,mfergie46@edublogs.org,Male,28.151.110.224
152,Alastair,Ballach,aballach47@huffingtonpost.com,Male,52.207.237.12
153,Leontine,Zanuciolii,lzanuciolii48@naver.com,Genderqueer,136.106.172.172
154,Wake,Sommerland,wsommerland49@dagondesign.com,Male,89.204.152.26
155,Calida,Devers,cdevers4a@cornell.edu,Female,88.170.209.87
156,Rita,Chaplin,rchaplin4b@ow.ly,Female,208.104.15.181
157,Westbrooke,Mariel,wmariel4c@edublogs.org,Agender,190.247.66.160
158,Griffy,Ubsdell,gubsdell4d@independent.co.uk,Male,201.59.117.4
159,Benjamin,Revie,brevie4e@blog.com,Male,40.47.119.81
160,Janeta,Seson,jseson4f@berkeley.edu,Female,99.67.116.97
161,Hazlett,Catherick,hcatherick4g@tamu.edu,Male,124.81.236.33
162,Marrilee,Pohlak,mpohlak4h@wikispaces.com,Female,26.7.90.77
163,Camile,Roomes,croomes4i@51.la,Female,219.176.152.42
164,Evan,Jone,ejone4j@dot.gov,Male,25.215.65.97
165,Hollyanne,MacTrustam,hmactrustam4k@bbc.co.uk,Female,173.207.223.228
166,Roland,Diplock,rdiplock4l@salon.com,Male,148.106.93.232
167,Haley,Wandrack,hwandrack4m@google.it,Male,175.127.193.204
168,Ramsay,Worvill,rworvill4n@usgs.gov,Male,214.81.45.141
169,Briano,Fogg,bfogg4o@gizmodo.com,Male,106.245.233.155
170,Brandice,Farlowe,bfarlowe4p@ehow.com,Female,168.225.197.242
171,Irvin,Bruggeman,ibruggeman4q@wsj.com,Male,170.70.206.42
172,Shannan,Crilly,scrilly4r@delicious.com,Male,26.242.222.208
173,Marget,Cazin,mcazin4s@blogspot.com,Female,9.18.64.25
174,Angie,Glandfield,aglandfield4t@squarespace.com,Male,100.191.78.173
175,Addy,Suston,asuston4u@independent.co.uk,Male,39.70.37.4
176,Simon,Bollini,sbollini4v@ebay.com,Male,111.172.73.92
177,Lorne,Joseland,ljoseland4w@wsj.com,Female,51.174.131.142
178,Alaster,Reims,areims4x@weebly.com,Male,122.228.141.64
179,Kevina,Stallworthy,kstallworthy4y@pbs.org,Female,98.230.175.108
180,Katalin,Towhey,ktowhey4z@skype.com,Female,72.192.145.190
181,Arnie,Carruthers,acarruthers50@t.co,Agender,176.74.247.77
182,Osborn,Seeney,oseeney51@ted.com,Male,107.236.97.136
183,Sonnie,Forgie,sforgie52@timesonline.co.uk,Female,16.26.122.145
184,Oberon,Carnock,ocarnock53@webs.com,Male,153.31.229.46
185,Wiatt,Artz,wartz54@whitehouse.gov,Male,122.197.161.62
186,Nichole,Rusling,nrusling55@tinyurl.com,Female,4.246.65.1
187,Derick,Farrier,dfarrier56@wikia.com,Male,177.148.177.22
188,Shayla,Hewson,shewson57@google.com.au,Female,74.205.8.141
189,Lishe,Cureton,lcureton58@netlog.com,Female,162.204.91.46
190,Dorian,Alfuso,dalfuso59@ihg.com,Female,96.114.121.170
191,Stella,Martinet,smartinet5a@berkeley.edu,Female,89.152.248.154
192,Emmet,Skinner,eskinner5b@rakuten.co.jp,Genderfluid,156.129.191.164
193,Jay,Chazotte,jchazotte5c@google.ru,Male,106.229.163.55
194,Esta,Sizeland,esizeland5d@google.es,Polygender,22.98.205.82
195,Murielle,Reggio,mreggio5e@samsung.com,Female,72.198.220.165
196,Korella,Benezet,kbenezet5f@yale.edu,Female,1.246.115.118
197,Sela,Dane,sdane5g@dagondesign.com,Female,74.94.188.104
198,Hallsy,Asbery,hasbery5h@nature.com,Male,250.194.131.13
199,Margeaux,McKeand,mmckeand5i@chronoengine.com,Bigender,148.188.201.141
200,Tristan,Nurse,tnurse5j@timesonline.co.uk,Male,186.124.140.236
201,Jeanelle,Dane,jdane5k@fastcompany.com,Female,99.66.252.71
202,Hillard,Brotherhood,hbrotherhood5l@surveymonkey.com,Male,244.103.238.79
203,Christoforo,Masey,cmasey5m@imgur.com,Male,177.234.250.26
204,Alessandro,Chennells,achennells5n@g.co,Male,89.9.223.38
205,Rosco,Laingmaid,rlaingmaid5o@dmoz.org,Male,240.212.142.155
206,Lorettalorna,Gerrels,lgerrels5p@tripod.com,Female,184.205.203.34
207,Lucius,Darco,ldarco5q@tinypic.com,Male,19.48.67.76
208,Bertram,Fierman,bfierman5r@fc2.com,Male,34.0.75.233
209,Doll,Carlucci,dcarlucci5s@nytimes.com,Female,225.245.39.93
210,Humfried,Tesmond,htesmond5t@addthis.com,Male,40.102.121.231
211,Babb,Turmall,bturmall5u@furl.net,Female,17.46.87.71
212,Gan,Bulfoot,gbulfoot5v@economist.com,Male,79.106.13.104
213,Iago,Rathmell,irathmell5w@unblog.fr,Male,67.46.70.194
214,Thom,Ceresa,tceresa5x@psu.edu,Male,77.239.240.153
215,Sunshine,Awcoate,sawcoate5y@soundcloud.com,Female,197.229.216.216
216,Teresina,Fernandes,tfernandes5z@google.es,Female,91.138.13.214
217,Ferguson,Somerscales,fsomerscales60@patch.com,Male,16.150.218.212
218,Dorry,Stedman,dstedman61@china.com.cn,Female,232.218.141.198
219,Alia,McRoberts,amcroberts62@blinklist.com,Female,135.228.199.25
220,Bradly,Teresse,bteresse63@ovh.net,Male,162.184.234.6
221,Cirstoforo,Pierton,cpierton64@edublogs.org,Male,4.63.103.243
222,Kayne,Sutherns,ksutherns65@flavors.me,Male,157.120.230.39
223,Thorn,Grimoldby,tgrimoldby66@ucoz.ru,Male,149.191.170.107
224,Osbourne,Rewcassell,orewcassell67@deviantart.com,Male,158.227.20.211
225,Hubie,Mealing,hmealing68@google.ca,Male,47.78.203.45
226,Alysia,Junifer,ajunifer69@ifeng.com,Female,21.254.131.8
227,Allie,Wasielewski,awasielewski6a@go.com,Female,45.51.59.27
228,Auberon,Nodin,anodin6b@blogger.com,Male,56.59.145.206
229,Pascal,Wasiel,pwasiel6c@bing.com,Male,89.68.99.59
230,Gertrudis,Trank,gtrank6d@globo.com,Polygender,209.108.250.95
231,Tanney,Boshier,tboshier6e@samsung.com,Male,123.2.90.61
232,Tate,Sallenger,tsallenger6f@toplist.cz,Female,179.19.181.89
233,Rea,Gulleford,rgulleford6g@mtv.com,Polygender,180.143.95.167
234,Eldredge,Ickovicz,eickovicz6h@wp.com,Male,10.62.61.61
235,Gare,Labuschagne,glabuschagne6i@epa.gov,Male,174.25.98.142
236,Tally,Matzen,tmatzen6j@usatoday.com,Male,131.240.213.4
237,Rosana,Hansell,rhansell6k@livejournal.com,Female,172.252.89.18
238,Kaitlynn,Sutch,ksutch6l@reddit.com,Female,223.173.145.76
239,Stevy,Banat,sbanat6m@ted.com,Non-binary,189.55.252.8
240,Katerine,Jaukovic,kjaukovic6n@i2i.jp,Female,145.93.49.94
241,Elset,Gaze,egaze6o@istockphoto.com,Female,231.136.164.123
242,Thomas,McBlain,tmcblain6p@shinystat.com,Male,28.27.246.95
243,Kora,Goodfellow,kgoodfellow6q@meetup.com,Female,193.118.150.132
244,Madlen,Earngy,mearngy6r@archive.org,Female,126.55.29.186
245,Rowland,Dibson,rdibson6s@wikia.com,Male,84.111.78.196
246,Oona,Tomczynski,otomczynski6t@instagram.com,Female,226.150.152.238
247,Kai,Massingham,kmassingham6u@simplemachines.org,Genderfluid,111.221.49.95
248,Ancell,Pasticznyk,apasticznyk6v@disqus.com,Male,155.40.64.99
249,Gwendolin,Renfrew,grenfrew6w@people.com.cn,Female,105.245.95.46
250,Nikita,Krollman,nkrollman6x@ustream.tv,Male,183.94.94.130
251,Bertram,Deavall,bdeavall6y@cocolog-nifty.com,Male,198.114.101.110
252,Tim,Urion,turion6z@t.co,Male,227.152.255.66
253,Aggy,Ruslin,aruslin70@washington.edu,Female,212.14.133.103
254,Buddie,Devon,bdevon71@accuweather.com,Male,68.242.51.52
255,Alard,Muldrew,amuldrew72@sbwire.com,Male,10.201.74.137
256,Worden,Jellyman,wjellyman73@go.com,Male,179.8.172.67
257,Gates,Bener,gbener74@over-blog.com,Female,224.125.76.93
258,Riordan,Baron,rbaron75@free.fr,Male,39.64.178.7
259,Aube,Gresty,agresty76@typepad.com,Male,48.164.19.199
260,Milton,Westwood,mwestwood77@springer.com,Male,194.220.83.79
261,Caralie,Rosa,crosa78@tinypic.com,Female,98.117.63.60
262,Susann,Semrad,ssemrad79@abc.net.au,Female,42.58.34.229
263,Pearce,Copper,pcopper7a@epa.gov,Male,58.19.162.88
264,Hugues,Saiens,hsaiens7b@hexun.com,Male,133.149.248.213
265,Cyrillus,Ridewood,cridewood7c@addthis.com,Male,118.22.94.39
266,Rhody,Boays,rboays7d@amazon.co.jp,Female,134.208.199.7
267,Rene,Birchenhead,rbirchenhead7e@fotki.com,Male,200.107.165.240
268,Diarmid,Alliott,dalliott7f@netlog.com,Male,99.115.145.70
269,Van,Dignan,vdignan7g@sun.com,Female,86.40.111.37
270,Jojo,Aveyard,javeyard7h@seesaa.net,Female,24.182.132.65
271,Jaquenette,Pollie,jpollie7i@qq.com,Female,99.201.115.59
272,Blair,Killgus,bkillgus7j@dot.gov,Male,73.195.178.54
273,Lovell,Langelay,llangelay7k@census.gov,Genderfluid,213.61.201.98
274,Matelda,Simmans,msimmans7l@dagondesign.com,Female,197.96.169.243
275,Gearard,Tebald,gtebald7m@hatena.ne.jp,Male,17.248.25.31
276,Pacorro,Gress,pgress7n@smh.com.au,Male,82.45.239.27
277,Georas,Huddleston,ghuddleston7o@rambler.ru,Male,213.118.56.133
278,Coreen,Pimerick,cpimerick7p@g.co,Female,41.194.129.58
279,Marcelia,Kubec,mkubec7q@youtu.be,Female,114.141.89.185
280,Cherye,Clynman,cclynman7r@oaic.gov.au,Female,214.37.92.85
281,Fey,Elsay,felsay7s@discuz.net,Female,254.90.118.118
282,Kip,Cowmeadow,kcowmeadow7t@youtube.com,Male,150.82.103.32
283,Hulda,Wethers,hwethers7u@sogou.com,Female,100.159.33.19
284,Roxane,Potten,rpotten7v@mac.com,Female,211.228.215.151
285,Meredith,Lynett,mlynett7w@prlog.org,Male,26.239.247.122
286,Lida,Moxted,lmoxted7x@posterous.com,Female,55.176.235.127
287,Cale,Pfeifer,cpfeifer7y@networksolutions.com,Male,102.229.79.131
288,Willa,Eynald,weynald7z@wordpress.org,Polygender,252.75.248.201
289,Lydie,Allans,lallans80@ucla.edu,Female,50.113.199.219
290,Katharina,Aulsford,kaulsford81@earthlink.net,Agender,255.190.10.148
291,Malvina,Stitcher,mstitcher82@e-recht24.de,Female,125.36.143.245
292,Tomlin,Tillot,ttillot83@1688.com,Male,71.164.24.34
293,Jorie,Boam,jboam84@whitehouse.gov,Female,133.100.123.187
294,Adlai,Pendell,apendell85@theglobeandmail.com,Male,10.216.87.171
295,Birch,Liveing,bliveing86@1und1.de,Male,9.17.6.138
296,Kellsie,Warrier,kwarrier87@prnewswire.com,Female,155.254.231.219
297,Jelene,Dranfield,jdranfield88@state.gov,Agender,167.113.201.182
298,Gardener,Sellars,gsellars89@rakuten.co.jp,Male,143.68.144.164
299,Jehu,Siberry,jsiberry8a@altervista.org,Male,180.93.177.141
300,Dotty,Humpatch,dhumpatch8b@prlog.org,Female,191.49.125.41
301,Shandeigh,Hayle,shayle8c@yellowbook.com,Female,37.174.216.72
302,Philbert,Wilsey,pwilsey8d@netvibes.com,Genderfluid,235.23.228.117
303,Cecily,Zylberdik,czylberdik8e@noaa.gov,Female,64.28.130.248
304,Hester,Adamik,hadamik8f@nyu.edu,Genderfluid,111.83.32.235
305,Correna,Blanking,cblanking8g@hibu.com,Female,111.46.55.117
306,Beauregard,Hartridge,bhartridge8h@bigcartel.com,Male,29.199.149.6
307,Prince,Cross,pcross8i@who.int,Male,252.251.28.201
308,Leora,Stimson,lstimson8j@cmu.edu,Female,33.231.96.74
309,Natty,Rispen,nrispen8k@cargocollective.com,Female,75.99.219.65
310,Rahel,Gledstane,rgledstane8l@1und1.de,Female,245.15.180.155
311,Karlens,Wethers,kwethers8m@hubpages.com,Male,205.247.118.171
312,Sigrid,MacClenan,smacclenan8n@networkadvertising.org,Female,108.178.215.17
313,Blinnie,Losemann,blosemann8o@angelfire.com,Female,18.31.161.33
314,Michail,Brunini,mbrunini8p@devhub.com,Male,145.95.56.243
315,Emory,Houldcroft,ehouldcroft8q@europa.eu,Male,187.39.202.190
316,Archibaldo,Dumberell,adumberell8r@wikia.com,Bigender,179.134.100.153
317,Henderson,Jeffcoate,hjeffcoate8s@trellian.com,Male,142.42.37.247
318,Hasty,Lynch,hlynch8t@buzzfeed.com,Genderfluid,212.114.15.14
319,Pascal,Blackah,pblackah8u@a8.net,Male,140.232.85.90
320,Cherin,Jouanet,cjouanet8v@hc360.com,Female,104.105.40.139
321,Cati,Messer,cmesser8w@odnoklassniki.ru,Female,232.189.210.162
322,Marena,McCooke,mmccooke8x@elegantthemes.com,Genderfluid,2.60.207.87
323,Janela,Bew,jbew8y@fc2.com,Female,27.11.81.0
324,Wendell,Mayne,wmayne8z@wufoo.com,Male,182.56.245.250
325,Bella,Mosedall,bmosedall90@vkontakte.ru,Female,52.16.213.170
326,Emmery,Flintoft,eflintoft91@icio.us,Male,93.76.50.182
327,Sharl,Feaveer,sfeaveer92@nba.com,Female,106.136.48.154
328,Carleton,Taft,ctaft93@rakuten.co.jp,Male,167.92.129.228
329,Winfred,Bew,wbew94@deviantart.com,Male,28.137.100.101
330,Manfred,Ancliff,mancliff95@google.com.br,Male,131.8.214.60
331,Mufinella,Sanders,msanders96@hugedomains.com,Female,28.29.131.46
332,Massimo,Houchin,mhouchin97@mail.ru,Male,20.63.70.84
333,Teresa,Hallibone,thallibone98@hugedomains.com,Female,32.6.103.52
334,Milicent,Houliston,mhouliston99@msu.edu,Female,186.5.156.43
335,Tomi,Yarker,tyarker9a@theglobeandmail.com,Agender,44.160.96.144
336,Liesa,Silverson,lsilverson9b@hp.com,Female,4.1.233.79
337,Layton,Lukasen,llukasen9c@icio.us,Male,150.46.64.84
338,Nettie,Carlino,ncarlino9d@forbes.com,Female,106.33.96.111
339,Sher,Filintsev,sfilintsev9e@google.com,Female,157.70.162.98
340,Blanch,Gillhespy,bgillhespy9f@businessweek.com,Female,47.24.206.209
341,Philbert,Schimoni,pschimoni9g@prnewswire.com,Genderqueer,192.14.186.198
342,Garald,Cowup,gcowup9h@businesswire.com,Male,208.202.83.135
343,Neils,Moisey,nmoisey9i@baidu.com,Male,18.224.236.197
344,Ruthe,Craddock,rcraddock9j@utexas.edu,Female,120.188.22.192
345,Marcy,Dongles,mdongles9k@marketwatch.com,Female,137.123.124.40
346,Calla,Callar,ccallar9l@dell.com,Female,138.151.198.35
347,Joelle,Gallego,jgallego9m@accuweather.com,Female,113.106.171.167
348,Ransell,Goburn,rgoburn9n@arizona.edu,Male,29.146.48.46
349,Ardath,MacUchadair,amacuchadair9o@spiegel.de,Female,248.222.33.81
350,Doralin,Jenney,djenney9p@cafepress.com,Female,198.143.102.40
351,Enrico,Symon,esymon9q@huffingtonpost.com,Male,253.40.227.38
352,Cacilia,Bursnoll,cbursnoll9r@vk.com,Female,141.200.176.164
353,Anny,Bickersteth,abickersteth9s@gravatar.com,Female,21.106.242.202
354,Bronny,Dignon,bdignon9t@elpais.com,Male,240.31.43.123
355,Caresse,Northover,cnorthover9u@ocn.ne.jp,Female,158.227.172.85
356,Kippar,Wilfling,kwilfling9v@youtu.be,Male,205.176.189.144
357,Gallagher,McCadden,gmccadden9w@tripadvisor.com,Male,117.29.209.131
358,Hunfredo,Ollet,hollet9x@sakura.ne.jp,Male,127.229.64.8
359,Silvia,Creamer,screamer9y@google.ca,Agender,175.105.242.35
360,Mickie,Gilluley,mgilluley9z@usda.gov,Female,220.131.160.253
361,Hamnet,Wayman,hwaymana0@weather.com,Male,82.101.180.181
362,Eb,Toffolo,etoffoloa1@ezinearticles.com,Male,70.214.28.26
363,Christa,Shadbolt,cshadbolta2@microsoft.com,Female,160.142.233.23
364,Fielding,Hatherall,fhatheralla3@epa.gov,Male,166.239.141.67
365,Ricky,MacGahy,rmacgahya4@myspace.com,Female,58.251.103.216
366,Joeann,Acock,jacocka5@ucoz.ru,Female,168.135.71.219
367,Lena,Lathwood,llathwooda6@blog.com,Female,121.139.210.128
368,Leta,Morrell,lmorrella7@jimdo.com,Female,130.51.174.227
369,Harris,Mudie,hmudiea8@biblegateway.com,Male,19.79.204.183
370,Nellie,Rolin,nrolina9@pcworld.com,Female,61.112.237.192
371,Marysa,Picheford,mpichefordaa@nps.gov,Female,89.71.32.144
372,Gran,Tresler,gtreslerab@goo.ne.jp,Male,244.221.51.8
373,Elmore,Deegin,edeeginac@miibeian.gov.cn,Male,150.103.207.137
374,Ruy,Towndrow,rtowndrowad@bloglines.com,Non-binary,11.214.88.255
375,Zorah,Paget,zpagetae@wunderground.com,Female,172.48.136.57
376,Vittorio,Boult,vboultaf@spotify.com,Male,254.181.191.164
377,Lavena,Carreck,lcarreckag@mozilla.com,Female,210.197.240.27
378,Wilburt,Pitt,wpittah@mayoclinic.com,Male,66.13.187.239
379,Kipp,Stoppe,kstoppeai@canalblog.com,Male,42.105.130.176
380,Floria,Sorrell,fsorrellaj@ox.ac.uk,Female,142.188.225.230
381,Christi,Breffit,cbreffitak@thetimes.co.uk,Female,94.235.150.182
382,Xever,Gehringer,xgehringeral@intel.com,Male,141.229.81.168
383,Gordie,Makin,gmakinam@zimbio.com,Bigender,100.100.248.142
384,Martino,Leahey,mleaheyan@istockphoto.com,Male,174.160.149.115
385,Sebastian,Trill,strillao@booking.com,Male,114.209.124.105
386,Blinny,Semkins,bsemkinsap@last.fm,Female,82.199.175.222
387,Lona,Simek,lsimekaq@eventbrite.com,Female,20.222.4.127
388,Roarke,Hebblewaite,rhebblewaitear@last.fm,Polygender,236.178.157.106
389,Doreen,Lidgley,dlidgleyas@artisteer.com,Female,21.80.108.161
390,Carolyne,Kilgour,ckilgourat@oaic.gov.au,Genderqueer,126.140.145.12
391,Jody,Jirik,jjirikau@telegraph.co.uk,Female,250.40.146.53
392,Konrad,Fleckney,kfleckneyav@trellian.com,Male,158.141.251.64
393,Egbert,Euplate,eeuplateaw@sina.com.cn,Male,21.94.159.209
394,Marcille,Cardenosa,mcardenosaax@foxnews.com,Female,229.7.230.65
395,Wallache,Fury,wfuryay@csmonitor.com,Male,180.157.230.71
396,Lulita,Ralfe,lralfeaz@state.gov,Female,249.119.215.205
397,Emmit,Hartness,ehartnessb0@linkedin.com,Male,24.4.48.71
398,Elizabet,Alesi,ealesib1@discovery.com,Female,74.38.242.3
399,Alvan,Henzer,ahenzerb2@xinhuanet.com,Male,43.169.234.157
400,Shanta,Messent,smessentb3@wsj.com,Female,172.123.10.43
401,Lowell,Valder,lvalderb4@reverbnation.com,Male,181.8.201.145
402,Dorthea,McMonies,dmcmoniesb5@example.com,Female,185.123.169.179
403,Sansone,De Few,sdefewb6@aol.com,Male,245.65.121.226
404,Evin,Bentley,ebentleyb7@biglobe.ne.jp,Male,180.28.22.110
405,Feliza,Barrasse,fbarrasseb8@xinhuanet.com,Female,43.232.249.254
406,Eddie,Astbery,eastberyb9@nhs.uk,Male,253.168.248.93
407,Ferdinand,Berggren,fberggrenba@nydailynews.com,Male,168.177.94.116
408,Inglis,Lezemore,ilezemorebb@hao123.com,Male,64.86.52.150
409,Rodrigo,Bettis,rbettisbc@pbs.org,Male,119.194.92.147
410,Waylen,Galer,wgalerbd@163.com,Male,219.165.21.169
411,Fredek,Dominichetti,fdominichettibe@noaa.gov,Male,53.209.74.131
412,Waring,Pablo,wpablobf@webeden.co.uk,Male,230.82.158.78
413,Ring,Bootman,rbootmanbg@mysql.com,Bigender,12.134.185.227
414,Aldus,Hartshorn,ahartshornbh@shutterfly.com,Male,244.171.28.183
415,Peirce,Byrcher,pbyrcherbi@quantcast.com,Male,24.145.226.159
416,Nerti,Cockings,ncockingsbj@nationalgeographic.com,Female,234.3.200.232
417,Klaus,Mollett,kmollettbk@dion.ne.jp,Male,116.153.94.87
418,Carleen,Guterson,cgutersonbl@bbc.co.uk,Female,168.64.227.170
419,Anallise,Cushworth,acushworthbm@europa.eu,Female,251.135.141.18
420,Juliette,Ryles,jrylesbn@aboutads.info,Female,120.185.166.220
421,Jere,Okill,jokillbo@clickbank.net,Female,223.202.85.8
422,Celestyna,Irvine,cirvinebp@eventbrite.com,Female,219.40.132.91
423,Ronna,Matteuzzi,rmatteuzzibq@hubpages.com,Female,226.143.231.224
424,Martino,Getsham,mgetshambr@google.pl,Male,8.40.74.142
425,Marsiella,Detoc,mdetocbs@weibo.com,Female,110.162.237.215
426,Godfrey,Southam,gsouthambt@dailymail.co.uk,Male,98.203.134.243
427,Georgeanna,Frow,gfrowbu@51.la,Female,3.230.27.41
428,Yale,Gorton,ygortonbv@apache.org,Male,74.198.250.45
429,Guendolen,Yusupov,gyusupovbw@linkedin.com,Female,80.225.2.26
430,Marjy,Petigrew,mpetigrewbx@pinterest.com,Female,247.121.3.151
431,Eadie,Corbyn,ecorbynby@mlb.com,Female,28.91.27.220
432,Giacopo,Fodden,gfoddenbz@clickbank.net,Male,100.125.155.3
433,Marley,Spensly,mspenslyc0@discovery.com,Female,137.173.32.31
434,Beatrice,Beeres,bbeeresc1@addtoany.com,Female,238.137.117.138
435,Zaria,Spiller,zspillerc2@wunderground.com,Female,38.182.7.50
436,Alvina,McDonand,amcdonandc3@samsung.com,Female,195.114.27.228
437,Carlen,Newell,cnewellc4@phoca.cz,Female,209.55.7.125
438,Ximenes,Slinger,xslingerc5@ebay.co.uk,Male,160.224.237.240
439,Erin,Hurworth,ehurworthc6@ucsd.edu,Male,158.114.191.120
440,Antonino,Guppy,aguppyc7@umn.edu,Male,146.56.249.91
441,Thadeus,Obey,tobeyc8@salon.com,Male,218.117.81.225
442,Edy,Charity,echarityc9@ucoz.ru,Female,190.72.92.3
443,Carlos,Remer,cremerca@technorati.com,Male,132.4.19.26
444,Bren,Creeghan,bcreeghancb@bbc.co.uk,Male,81.149.150.169
445,Darrelle,Espadas,despadascc@abc.net.au,Female,111.148.178.96
446,Almeda,Acreman,aacremancd@hhs.gov,Female,120.202.16.28
447,Kerr,Cunliffe,kcunliffece@blogs.com,Male,185.210.1.214
448,Jeffy,Verrell,jverrellcf@google.cn,Male,74.160.131.235
449,Elmore,Hatfull,ehatfullcg@abc.net.au,Male,84.238.49.178
450,Robby,Filkin,rfilkinch@delicious.com,Female,94.18.24.87
451,Woodie,Bitten,wbittenci@tinypic.com,Polygender,86.226.120.71
452,Loutitia,Aves,lavescj@edublogs.org,Female,1.149.62.68
453,Cobby,Gibbin,cgibbinck@cisco.com,Male,19.64.109.90
454,Gerrard,Harniman,gharnimancl@meetup.com,Male,44.68.239.46
455,Poppy,Gerrell,pgerrellcm@geocities.jp,Female,33.116.216.255
456,Zitella,Hanson,zhansoncn@i2i.jp,Female,39.244.153.230
457,Spense,Vowden,svowdenco@wikia.com,Male,179.135.222.159
458,Jordana,Grieger,jgriegercp@wordpress.com,Female,255.196.80.127
459,Charlie,Smittoune,csmittounecq@youku.com,Male,43.185.230.118
460,Eileen,Kingett,ekingettcr@meetup.com,Genderfluid,66.181.137.221
461,Christiano,Lansdown,clansdowncs@baidu.com,Male,110.182.196.11
462,Orion,Terbeck,oterbeckct@webmd.com,Male,32.226.184.138
463,Ezequiel,Elverstone,eelverstonecu@archive.org,Male,209.243.14.76
464,Domeniga,Fender,dfendercv@nba.com,Female,82.231.173.65
465,Caryn,Mompesson,cmompessoncw@tripod.com,Female,253.111.126.9
466,Merrielle,Keuning,mkeuningcx@dailymotion.com,Female,128.179.216.151
467,August,Castelletti,acastelletticy@163.com,Male,159.178.132.166
468,Reube,Tippetts,rtippettscz@i2i.jp,Male,6.167.86.24
469,Corri,Bliss,cblissd0@uol.com.br,Female,1.240.136.158
470,Kelcey,Borge,kborged1@hugedomains.com,Female,132.104.147.225
471,Bertie,Rangell,brangelld2@hatena.ne.jp,Female,23.112.167.192
472,Sonni,Gymlett,sgymlettd3@constantcontact.com,Female,212.13.215.146
473,Emilio,Rennick,erennickd4@engadget.com,Male,230.10.82.25
474,Dosi,Conew,dconewd5@squarespace.com,Female,25.70.185.67
475,Brunhilde,Corby,bcorbyd6@ucsd.edu,Female,187.34.11.16
476,Sonia,Keston,skestond7@senate.gov,Female,220.114.124.78
477,Myrle,Bakhrushkin,mbakhrushkind8@google.com,Female,195.116.161.228
478,Paolina,Reolfo,preolfod9@latimes.com,Female,174.196.165.105
479,Allyson,Bedding,abeddingda@redcross.org,Female,48.174.140.221
480,Darryl,Zanussii,dzanussiidb@forbes.com,Female,193.90.20.217
481,Ravi,Fernando,rfernandodc@pbs.org,Male,81.4.246.242
482,Jerrome,Tyzack,jtyzackdd@psu.edu,Male,175.132.193.199
483,Randee,Wickey,rwickeyde@yellowbook.com,Female,68.25.50.239
484,Rex,Franzoli,rfranzolidf@arizona.edu,Male,178.81.205.189
485,Darryl,Rusted,drusteddg@cloudflare.com,Female,28.192.80.122
486,Brent,Stansby,bstansbydh@toplist.cz,Genderfluid,93.223.13.168
487,Timotheus,Rubinowitz,trubinowitzdi@upenn.edu,Polygender,217.168.251.8
488,Yule,Hillborne,yhillbornedj@reddit.com,Male,175.4.57.97
489,Henriette,Astlett,hastlettdk@apple.com,Non-binary,38.213.241.164
490,Barrett,Dytham,bdythamdl@networkadvertising.org,Male,163.178.150.154
491,Dori,Kinvig,dkinvigdm@tumblr.com,Female,192.59.110.195
492,Russ,Grundy,rgrundydn@domainmarket.com,Bigender,88.135.40.138
493,Stillman,Paramor,sparamordo@trellian.com,Male,134.169.164.5
494,Flossie,Pedel,fpedeldp@forbes.com,Female,251.19.69.87
495,Rob,Flute,rflutedq@topsy.com,Male,163.241.129.240
496,Harald,Jarnell,hjarnelldr@wsj.com,Male,152.120.69.185
497,Pat,Whitsun,pwhitsunds@columbia.edu,Genderfluid,222.227.82.16
498,Othilia,Dmitrovic,odmitrovicdt@nhs.uk,Female,192.36.122.241
499,Edvard,Houndson,ehoundsondu@com.com,Male,135.8.107.49
500,Alberta,Dunkerk,adunkerkdv@pbs.org,Female,9.143.29.205
501,Waring,Phillpot,wphillpotdw@phoca.cz,Male,216.92.6.90
502,Skylar,Cotman,scotmandx@theatlantic.com,Male,50.156.157.130
503,Claribel,Harrold,charrolddy@free.fr,Female,174.56.102.67
504,Alayne,Bontein,abonteindz@de.vu,Female,135.29.0.54
505,Chrissie,Croot,ccroote0@java.com,Male,65.18.200.251
506,Phineas,Divill,pdiville1@go.com,Male,74.244.228.67
507,Babs,Coundley,bcoundleye2@who.int,Female,44.105.130.40
508,Tallou,Rangle,tranglee3@netscape.com,Female,68.220.78.32
509,Marylinda,Featenby,mfeatenbye4@patch.com,Female,201.181.207.109
510,Ambrosio,Coram,acorame5@ning.com,Male,57.25.98.22
511,Mannie,Matyas,mmatyase6@flickr.com,Male,103.111.158.240
512,Dee dee,Titterell,dtitterelle7@senate.gov,Female,139.41.89.218
513,Vassily,Hanse,vhansee8@cmu.edu,Male,55.153.43.133
514,Stefano,Arch,sarche9@nytimes.com,Male,209.164.212.145
515,Yuri,Beckingham,ybeckinghamea@slideshare.net,Male,57.182.235.135
516,Leroi,Danes,ldaneseb@webeden.co.uk,Male,159.132.222.157
517,Candis,Annwyl,cannwylec@comsenz.com,Female,180.252.226.23
518,Salaidh,Dethloff,sdethloffed@sogou.com,Female,191.79.122.253
519,Dorolice,Mazin,dmazinee@nature.com,Female,239.164.123.167
520,Katharina,Mattessen,kmattessenef@shutterfly.com,Female,230.47.131.110
521,Gerty,Firbank,gfirbankeg@barnesandnoble.com,Female,202.17.124.13
522,Jammie,Beeckx,jbeeckxeh@vk.com,Female,78.69.175.243
523,Tripp,Taunton,ttauntonei@godaddy.com,Male,97.82.26.24
524,Euell,McGuinness,emcguinnessej@vinaora.com,Male,65.140.228.240
525,Ingeberg,Lavies,ilaviesek@craigslist.org,Bigender,106.203.146.30
526,Ree,Wills,rwillsel@blogs.com,Agender,243.253.148.29
527,Ainslie,Dunwoody,adunwoodyem@cornell.edu,Female,235.31.247.174
528,Ewen,Bryde,ebrydeen@qq.com,Male,122.171.93.160
529,Juliet,Urey,jureyeo@hibu.com,Female,181.170.6.182
530,Mendy,Trunchion,mtrunchionep@google.ca,Male,236.177.122.119
531,Audie,Falck,afalckeq@boston.com,Female,233.99.164.122
532,Claudian,Davidwitz,cdavidwitzer@pagesperso-orange.fr,Male,187.218.191.251
533,Florie,Scurr,fscurres@omniture.com,Polygender,187.234.47.2
534,Allys,Corp,acorpet@sun.com,Female,200.1.212.97
535,Drusilla,Stokoe,dstokoeeu@squidoo.com,Female,115.83.220.49
536,Erny,Tombling,etomblingev@privacy.gov.au,Genderqueer,205.20.132.88
537,Annora,Hember,ahemberew@nytimes.com,Female,107.42.152.91
538,Constantine,Van Der Vlies,cvandervliesex@odnoklassniki.ru,Male,173.40.240.157
539,Farrell,Renard,frenardey@soundcloud.com,Genderqueer,21.141.3.69
540,Jaime,Proppers,jproppersez@desdev.cn,Female,0.62.15.150
541,Wheeler,Portchmouth,wportchmouthf0@icq.com,Male,226.17.123.232
542,Zitella,Elsworth,zelsworthf1@symantec.com,Female,251.156.162.30
543,Dewie,Klaggeman,dklaggemanf2@bizjournals.com,Male,74.41.137.66
544,Maia,Yea,myeaf3@bbc.co.uk,Female,18.124.80.229
545,Lanny,Hazeley,lhazeleyf4@nationalgeographic.com,Male,155.174.168.181
546,Wilfred,Blindmann,wblindmannf5@si.edu,Male,197.151.113.72
547,Gale,Pittock,gpittockf6@about.com,Polygender,79.224.13.195
548,Marabel,Di Biasi,mdibiasif7@g.co,Female,39.229.217.133
549,Farra,Coan,fcoanf8@bbb.org,Female,151.142.44.9
550,Victoria,De Malchar,vdemalcharf9@europa.eu,Female,136.210.21.136
551,Morie,Lamplough,mlamploughfa@drupal.org,Male,178.233.241.182
552,Beth,Gregs,bgregsfb@ibm.com,Female,96.132.95.62
553,Elvis,Ducker,educkerfc@businesswire.com,Male,97.117.92.7
554,Modestia,Pashan,mpashanfd@icq.com,Female,183.15.83.98
555,Les,Minot,lminotfe@gizmodo.com,Male,228.224.105.239
556,Talbot,Reoch,treochff@sourceforge.net,Male,53.226.190.66
557,Sashenka,Walster,swalsterfg@angelfire.com,Female,67.109.248.129
558,Maribel,McCoveney,mmccoveneyfh@netvibes.com,Female,160.163.34.23
559,Ardra,Shaxby,ashaxbyfi@dot.gov,Female,197.5.143.193
560,Raimund,Moir,rmoirfj@newsvine.com,Male,84.200.37.13
561,Pieter,Tanton,ptantonfk@issuu.com,Male,238.15.194.20
562,Ahmed,Attfield,aattfieldfl@biblegateway.com,Male,179.130.198.78
563,Karissa,Carbin,kcarbinfm@pcworld.com,Genderqueer,115.145.117.69
564,Leola,Probetts,lprobettsfn@theatlantic.com,Bigender,146.234.14.162
565,Cornela,Posnett,cposnettfo@homestead.com,Polygender,60.188.16.211
566,Devin,Landrieu,dlandrieufp@spiegel.de,Male,58.191.176.18
567,Jeremias,Robinson,jrobinsonfq@amazon.co.uk,Male,84.253.138.14
568,Andrei,Grimes,agrimesfr@usatoday.com,Female,124.101.234.70
569,Eydie,Neilus,eneilusfs@seattletimes.com,Female,230.238.101.150
570,Forbes,Dunsleve,fdunsleveft@artisteer.com,Male,136.14.147.164
571,Cale,Somerbell,csomerbellfu@php.net,Male,24.208.226.99
572,Rosalynd,Clowsley,rclowsleyfv@unesco.org,Female,62.241.237.114
573,Roarke,McTear,rmctearfw@sitemeter.com,Male,210.162.44.87
574,Fredra,Seccombe,fseccombefx@ucla.edu,Female,25.98.18.23
575,Claudie,Pirnie,cpirniefy@ow.ly,Female,126.103.245.101
576,Michaelina,Zimek,mzimekfz@msu.edu,Female,240.202.123.60
577,Buck,Mitchener,bmitchenerg0@tiny.cc,Agender,238.90.132.2
578,Dallas,Dougher,ddougherg1@cpanel.net,Female,166.214.8.61
579,Hymie,Minchindon,hminchindong2@1und1.de,Male,87.255.49.17
580,Georgianna,Studholme,gstudholmeg3@lycos.com,Female,182.234.68.156
581,Rainer,Samways,rsamwaysg4@unicef.org,Male,116.248.236.140
582,Carree,Kliemchen,ckliemcheng5@weibo.com,Female,104.87.71.172
583,Daphene,Toppas,dtoppasg6@bbb.org,Female,218.143.238.28
584,Ray,Risen,rriseng7@amazon.co.uk,Male,103.253.202.95
585,Annette,Bennetto,abennettog8@ovh.net,Female,32.4.184.158
586,Pierrette,Signoret,psignoretg9@ebay.co.uk,Female,252.93.199.22
587,Royall,Peyro,rpeyroga@icq.com,Male,103.174.194.177
588,Aeriela,Maulkin,amaulkingb@shareasale.com,Female,210.163.48.136
589,Harlan,Capron,hcaprongc@google.com.br,Male,233.172.183.224
590,Aylmer,Cockerham,acockerhamgd@jigsy.com,Male,104.122.204.90
591,Vincenty,Dugget,vduggetge@edublogs.org,Male,233.188.1.11
592,Simone,Pinkard,spinkardgf@stanford.edu,Male,58.188.210.77
593,Rafaelia,Tear,rteargg@yandex.ru,Polygender,209.238.155.220
594,Pryce,McAneny,pmcanenygh@symantec.com,Male,198.100.215.222
595,Ruprecht,Gilpin,rgilpingi@time.com,Male,202.222.145.57
596,Cale,Gainsford,cgainsfordgj@weibo.com,Male,170.138.224.212
597,Page,Barber,pbarbergk@blogger.com,Male,161.22.194.32
598,Doralyn,Ridgers,dridgersgl@fda.gov,Female,167.194.179.97
599,Dionis,Gumary,dgumarygm@pagesperso-orange.fr,Female,49.83.232.80
600,Marcelo,Boniface,mbonifacegn@craigslist.org,Male,254.46.63.73
601,Roze,Leckenby,rleckenbygo@weibo.com,Female,235.74.245.232
602,Elton,Tyreman,etyremangp@eventbrite.com,Male,173.156.100.247
603,Mimi,Mellem,mmellemgq@unc.edu,Female,12.28.115.110
604,Rice,Rodnight,rrodnightgr@ihg.com,Male,43.52.222.42
605,Elston,Weth,ewethgs@techcrunch.com,Male,194.207.86.177
606,Annnora,De Bruyne,adebruynegt@yellowbook.com,Female,184.244.148.39
607,Adrian,Antoniutti,aantoniuttigu@washingtonpost.com,Male,133.79.197.145
608,Jayme,Larcher,jlarchergv@chronoengine.com,Female,150.43.61.165
609,Abie,Dunbar,adunbargw@globo.com,Polygender,162.94.57.249
610,Kris,Ranscome,kranscomegx@shop-pro.jp,Male,106.234.84.232
611,Lennie,Mallatratt,lmallatrattgy@whitehouse.gov,Male,125.191.80.39
612,Elianore,Ladbury,eladburygz@hc360.com,Female,186.60.20.85
613,Rutledge,Bryett,rbryetth0@biblegateway.com,Male,4.76.129.250
614,Deanne,Kermitt,dkermitth1@4shared.com,Female,110.94.185.178
615,Keelia,Dorbin,kdorbinh2@youtu.be,Female,164.109.78.186
616,Chicky,Dorkens,cdorkensh3@sohu.com,Female,248.238.132.133
617,Kippy,Terzza,kterzzah4@gov.uk,Male,140.151.132.49
618,Maury,Massey,mmasseyh5@geocities.jp,Male,42.246.1.106
619,Pablo,Gravenell,pgravenellh6@seattletimes.com,Male,116.105.36.57
620,Martainn,Botten,mbottenh7@live.com,Male,192.240.158.36
621,Billy,Puckey,bpuckeyh8@booking.com,Male,220.200.223.114
622,Doug,Hunter,dhunterh9@msn.com,Male,170.232.252.188
623,Joline,Puttrell,jputtrellha@mit.edu,Female,140.128.92.92
624,Heath,Kilrow,hkilrowhb@opensource.org,Male,99.181.25.211
625,Sal,Fiske,sfiskehc@tinyurl.com,Male,36.108.194.137
626,Ginnie,Feldmark,gfeldmarkhd@zdnet.com,Female,67.128.126.227
627,Alexis,Marnes,amarneshe@spotify.com,Non-binary,37.36.83.47
628,Rafaellle,Quilkin,rquilkinhf@tinyurl.com,Male,92.164.153.112
629,Zack,Josilowski,zjosilowskihg@ca.gov,Male,82.235.127.106
630,Ortensia,Boorn,oboornhh@wordpress.com,Female,130.172.153.137
631,Leoline,Beresford,lberesfordhi@apache.org,Female,2.226.117.16
632,Rochelle,Illesley,rillesleyhj@google.de,Polygender,209.7.16.28
633,Richmond,Lamyman,rlamymanhk@archive.org,Male,176.184.64.207
634,Hyatt,Lyddiard,hlyddiardhl@nytimes.com,Male,184.130.122.113
635,Bowie,Passe,bpassehm@wix.com,Male,203.108.241.255
636,Nerita,Attiwill,nattiwillhn@businessinsider.com,Female,187.214.108.50
637,Shannon,Langhor,slanghorho@parallels.com,Male,19.57.221.210
638,Ollie,Brannon,obrannonhp@ibm.com,Genderfluid,46.157.7.183
639,Waiter,De Gouy,wdegouyhq@webmd.com,Male,134.177.209.97
640,Jacob,Padginton,jpadgintonhr@exblog.jp,Male,181.196.111.37
641,Mia,Collough,mcolloughhs@discovery.com,Female,1.114.148.221
642,Alfons,Arzu,aarzuht@reference.com,Male,93.19.227.49
643,Lanie,Taberer,ltabererhu@phoca.cz,Female,61.8.249.221
644,Tony,Dinesen,tdinesenhv@techcrunch.com,Female,101.125.100.195
645,Fee,Lancaster,flancasterhw@cdbaby.com,Male,123.198.252.230
646,Karlene,Gaymer,kgaymerhx@cam.ac.uk,Female,64.166.30.133
647,Hendrika,Tabord,htabordhy@wikimedia.org,Female,250.8.14.219
648,Amity,Olyonov,aolyonovhz@nps.gov,Non-binary,142.87.172.168
649,Jarrod,Hydes,jhydesi0@blogspot.com,Male,45.17.101.60
650,Noella,Stodit,nstoditi1@guardian.co.uk,Genderfluid,78.21.136.243
651,Kerrie,Tissell,ktisselli2@fda.gov,Female,254.40.156.163
652,Simone,McPartlin,smcpartlini3@npr.org,Female,28.140.108.147
653,Jule,Snoxell,jsnoxelli4@lulu.com,Male,22.174.192.85
654,Fraze,Bonifant,fbonifanti5@sogou.com,Male,160.117.142.123
655,Hill,Piercy,hpiercyi6@columbia.edu,Male,39.168.172.200
656,Veradis,Mulder,vmulderi7@amazon.co.jp,Female,245.111.158.118
657,Annabel,Catenot,acatenoti8@nhs.uk,Female,137.61.246.36
658,Chancey,Sunnex,csunnexi9@imageshack.us,Male,135.182.219.251
659,Ody,Poskitt,oposkittia@lulu.com,Male,47.100.35.206
660,Charles,Marsh,cmarshib@netvibes.com,Male,153.156.196.180
661,Robinet,Theobold,rtheoboldic@omniture.com,Female,95.95.230.209
662,Maud,Twitchett,mtwitchettid@barnesandnoble.com,Female,224.199.162.26
663,Karie,Larrat,klarratie@dropbox.com,Female,194.83.210.28
664,Rafa,Spinola,rspinolaif@163.com,Female,174.209.114.199
665,Simona,Mollatt,smollattig@jigsy.com,Female,109.247.111.217
666,Paolo,Tallow,ptallowih@istockphoto.com,Male,215.10.115.3
667,Guendolen,Bernholt,gbernholtii@mac.com,Female,81.18.65.237
668,Nevile,Mulvenna,nmulvennaij@dailymotion.com,Male,202.60.243.141
669,Rossy,Meneyer,rmeneyerik@homestead.com,Male,203.76.31.129
670,Rusty,Hobbing,rhobbingil@xinhuanet.com,Male,30.61.162.209
671,Alexina,Mitroshinov,amitroshinovim@apple.com,Female,148.69.46.123
672,Ferrell,Melsom,fmelsomin@yellowpages.com,Male,136.196.25.32
673,Nicolina,Staniford,nstanifordio@npr.org,Genderqueer,109.115.58.166
674,Fritz,Pirrey,fpirreyip@pagesperso-orange.fr,Male,227.85.119.233
675,Putnam,Musla,pmuslaiq@qq.com,Male,142.142.159.210
676,Giovanni,Janeczek,gjaneczekir@ibm.com,Male,28.134.27.18
677,Karlis,Butterly,kbutterlyis@photobucket.com,Male,48.48.22.76
678,Haleigh,Stainburn,hstainburnit@rambler.ru,Female,193.21.37.36
679,Courtenay,Clute,ccluteiu@google.pl,Female,88.180.199.195
680,Edithe,Golda,egoldaiv@sakura.ne.jp,Female,65.112.0.62
681,Claudelle,Hanway,chanwayiw@imdb.com,Female,172.13.185.15
682,Torie,Aldersley,taldersleyix@com.com,Genderfluid,132.133.64.0
683,Mariquilla,Popov,mpopoviy@reuters.com,Female,8.146.198.48
684,Oriana,Congreave,ocongreaveiz@sourceforge.net,Female,206.55.25.198
685,Gill,Arsey,garseyj0@people.com.cn,Male,179.38.161.95
686,Gene,Kerfoot,gkerfootj1@bandcamp.com,Genderqueer,95.157.96.178
687,Bastien,Faulo,bfauloj2@mozilla.org,Male,214.32.168.28
688,Merrill,Greguol,mgreguolj3@printfriendly.com,Male,121.128.25.244
689,Edmund,Gotch,egotchj4@ftc.gov,Male,80.85.11.193
690,Cathrine,Tomadoni,ctomadonij5@mapquest.com,Female,34.148.76.121
691,Zea,Lamden,zlamdenj6@t.co,Agender,134.158.41.115
692,Betsey,Valentino,bvalentinoj7@hexun.com,Female,80.60.208.57
693,Brandie,Cassell,bcassellj8@baidu.com,Female,215.176.86.33
694,Yancy,McIllroy,ymcillroyj9@weebly.com,Male,252.190.177.132
695,Filia,Newnham,fnewnhamja@wp.com,Female,88.109.69.240
696,Moss,Leggon,mleggonjb@sphinn.com,Male,7.251.211.82
697,Lorine,Duncklee,ldunckleejc@about.com,Female,129.97.244.175
698,Elladine,Dionisetto,edionisettojd@geocities.jp,Female,107.176.208.63
699,Holden,Daintith,hdaintithje@virginia.edu,Male,192.33.48.162
700,Georgianna,Binne,gbinnejf@guardian.co.uk,Female,220.181.205.117
701,Francklin,Camilleri,fcamillerijg@youtu.be,Male,105.148.154.112
702,Sheryl,Keddie,skeddiejh@com.com,Female,209.125.80.53
703,Barth,Morat,bmoratji@jiathis.com,Male,249.163.110.230
704,Weston,Ucchino,wucchinojj@wired.com,Male,170.143.65.5
705,Sammie,Mixer,smixerjk@smugmug.com,Male,76.175.28.33
706,Kelcie,Beyne,kbeynejl@clickbank.net,Female,132.194.89.39
707,Osmund,Gaskill,ogaskilljm@posterous.com,Male,36.241.37.98
708,Mill,Massenhove,mmassenhovejn@ustream.tv,Male,154.195.99.251
709,Olivero,Lowndes,olowndesjo@technorati.com,Male,153.185.162.124
710,Christian,Mably,cmablyjp@ifeng.com,Female,203.195.84.45
711,Cullin,Corbert,ccorbertjq@google.co.uk,Male,18.6.86.21
712,Christoffer,Cordes,ccordesjr@discovery.com,Male,108.153.32.32
713,Stefania,Dubery,sduberyjs@imdb.com,Female,250.229.73.41
714,Jolene,Ambage,jambagejt@macromedia.com,Female,20.220.112.80
715,Shaina,Kimmitt,skimmittju@yelp.com,Female,156.151.138.178
716,Renado,Kegley,rkegleyjv@odnoklassniki.ru,Male,252.4.15.18
717,Aldus,Oty,aotyjw@techcrunch.com,Male,74.47.5.203
718,Anderson,Pendreigh,apendreighjx@vkontakte.ru,Male,23.239.4.241
719,Kinny,Priden,kpridenjy@businesswire.com,Male,133.141.228.36
720,Dian,Bardsley,dbardsleyjz@lulu.com,Non-binary,100.230.200.160
721,Hugo,Karlicek,hkarlicekk0@indiatimes.com,Male,92.117.229.116
722,Cleveland,Gritsaev,cgritsaevk1@4shared.com,Male,248.66.153.203
723,Andria,Ashdown,aashdownk2@unesco.org,Female,188.252.13.36
724,Bevvy,Boagey,bboageyk3@ask.com,Female,221.92.19.83
725,Bella,Carlesi,bcarlesik4@macromedia.com,Female,194.230.161.197
726,Herta,Elias,heliask5@examiner.com,Female,210.52.35.92
727,Tait,Dewire,tdewirek6@imgur.com,Male,44.191.244.141
728,Avivah,Childs,achildsk7@jalbum.net,Female,163.130.230.206
729,Vonnie,Iacovaccio,viacovacciok8@shop-pro.jp,Female,129.6.26.172
730,Ebeneser,Kubas,ekubask9@ft.com,Male,60.61.132.252
731,Keefer,Baldocci,kbaldoccika@free.fr,Male,247.117.231.128
732,Corrie,Alcott,calcottkb@globo.com,Female,210.23.37.23
733,Ruggiero,Annis,ranniskc@goodreads.com,Male,96.182.204.128
734,Corissa,Kitlee,ckitleekd@wisc.edu,Genderqueer,114.238.209.65
735,Zoe,Altoft,zaltoftke@weebly.com,Female,115.109.34.110
736,Dorolisa,Cords,dcordskf@umn.edu,Female,181.142.12.122
737,Madelena,Musprat,mmuspratkg@theguardian.com,Female,125.46.167.250
738,Wally,Baitey,wbaiteykh@github.io,Female,88.229.52.220
739,Al,Harmes,aharmeski@blogtalkradio.com,Male,161.166.43.237
740,Michele,Bullick,mbullickkj@sohu.com,Genderqueer,54.195.12.47
741,Tarrance,Seiter,tseiterkk@usda.gov,Male,36.91.45.18
742,Georg,Drillingcourt,gdrillingcourtkl@tinypic.com,Male,62.67.151.46
743,West,Jeacop,wjeacopkm@cmu.edu,Male,144.2.107.220
744,Colman,Basnett,cbasnettkn@nyu.edu,Male,16.116.202.60
745,Karoly,Lempel,klempelko@wikipedia.org,Male,7.235.65.41
746,Mab,Kwiek,mkwiekkp@bloomberg.com,Female,84.249.250.224
747,Vincent,Dessaur,vdessaurkq@symantec.com,Male,243.186.102.86
748,Calv,Winfindine,cwinfindinekr@yahoo.co.jp,Male,183.96.78.5
749,Christian,Mecchi,cmecchiks@quantcast.com,Female,12.184.106.160
750,Lorelei,Labbati,llabbatikt@hubpages.com,Female,190.163.204.48
751,Caril,Vennings,cvenningsku@buzzfeed.com,Female,185.135.153.169
752,Hieronymus,Bulter,hbulterkv@sogou.com,Male,217.180.52.134
753,Florida,Matushevich,fmatushevichkw@ycombinator.com,Female,213.85.217.106
754,Brenda,Southan,bsouthankx@mac.com,Agender,248.117.31.100
755,Lind,Rummery,lrummeryky@meetup.com,Female,192.238.1.53
756,Gavin,Gethin,ggethinkz@csmonitor.com,Polygender,90.219.221.62
757,Flint,Imason,fimasonl0@cocolog-nifty.com,Male,65.169.19.151
758,Rhoda,Johanning,rjohanningl1@cmu.edu,Female,97.59.168.107
759,Iosep,Torpie,itorpiel2@symantec.com,Male,22.157.2.204
760,Valle,Danielsen,vdanielsenl3@theglobeandmail.com,Male,224.181.227.245
761,Obidiah,Minmagh,ominmaghl4@about.me,Male,5.23.161.121
762,Randie,Millins,rmillinsl5@acquirethisname.com,Female,51.223.170.132
763,Quintana,Bunten,qbuntenl6@feedburner.com,Female,107.199.240.154
764,Rycca,Preto,rpretol7@diigo.com,Female,210.160.147.118
765,Margie,Bart,mbartl8@pbs.org,Female,157.70.59.80
766,Eugine,Brundle,ebrundlel9@tmall.com,Female,19.84.89.205
767,Clotilda,Besantie,cbesantiela@timesonline.co.uk,Female,17.70.26.178
768,Alexandra,Wix,awixlb@g.co,Female,233.183.248.93
769,Sonni,Rigney,srigneylc@phoca.cz,Female,196.46.33.61
770,Jeffrey,Clelland,jclellandld@vk.com,Male,223.198.142.204
771,Hurlee,Jeves,hjevesle@si.edu,Male,94.8.219.96
772,Floris,Valentelli,fvalentellilf@tmall.com,Female,38.130.82.12
773,Garland,Mundee,gmundeelg@businesswire.com,Female,4.62.31.185
774,Bartholomeo,Jillings,bjillingslh@smugmug.com,Non-binary,199.41.18.84
775,Janie,Cordelet,jcordeletli@jigsy.com,Female,36.100.14.117
776,Jdavie,Woollcott,jwoollcottlj@prlog.org,Male,65.117.40.146
777,Levey,Grinham,lgrinhamlk@opensource.org,Male,112.192.3.117
778,Avictor,Merriday,amerridayll@cdbaby.com,Male,195.34.33.153
779,Salome,Bentje,sbentjelm@webeden.co.uk,Female,12.4.122.79
780,Weber,Pernell,wpernellln@ucoz.com,Male,53.48.8.12
781,Cornela,Wiltsher,cwiltsherlo@miibeian.gov.cn,Female,102.207.179.252
782,Sile,Josef,sjoseflp@over-blog.com,Female,224.117.186.34
783,Ebenezer,Tue,etuelq@jimdo.com,Male,127.109.65.203
784,Rori,Ragles,rragleslr@mozilla.org,Female,57.244.227.60
785,Calhoun,Pitceathly,cpitceathlyls@delicious.com,Male,89.52.36.161
786,Rosemonde,Claisse,rclaisselt@rambler.ru,Female,50.187.222.81
787,Clarissa,Dudgeon,cdudgeonlu@addtoany.com,Female,120.148.179.69
788,Kin,Wollen,kwollenlv@xing.com,Male,72.113.126.48
789,Dionisio,Cogin,dcoginlw@fc2.com,Male,180.70.106.248
790,Carrie,Chang,cchanglx@whitehouse.gov,Female,67.179.118.200
791,Randi,Senett,rsenettly@histats.com,Male,23.141.147.136
792,Garreth,Raatz,graatzlz@comsenz.com,Male,60.57.99.108
793,Woodman,Umfrey,wumfreym0@baidu.com,Agender,4.77.181.240
794,Carson,Geffen,cgeffenm1@linkedin.com,Male,180.138.90.26
795,Alec,Ast,aastm2@google.de,Male,79.53.68.186
796,Becka,Hritzko,bhritzkom3@usda.gov,Female,223.211.229.237
797,Giusto,Thornhill,gthornhillm4@soundcloud.com,Male,233.81.211.87
798,Rianon,Signorelli,rsignorellim5@cisco.com,Female,79.24.133.168
799,Hillyer,Kevlin,hkevlinm6@wikimedia.org,Non-binary,223.158.40.34
800,Gallagher,Ferrige,gferrigem7@state.tx.us,Male,154.250.238.131
801,Warren,Djorevic,wdjorevicm8@csmonitor.com,Male,195.212.6.138
802,Melodie,Whiteson,mwhitesonm9@dyndns.org,Female,19.76.153.68
803,Emiline,Gavaghan,egavaghanma@sphinn.com,Non-binary,3.146.151.13
804,Ely,Hanson,ehansonmb@hp.com,Male,214.160.100.210
805,Jerrome,De Giovanni,jdegiovannimc@loc.gov,Male,155.160.104.50
806,Stanford,Wollaston,swollastonmd@reuters.com,Male,126.136.132.145
807,Torey,Cota,tcotame@mayoclinic.com,Male,226.240.216.80
808,Kristo,Schnieder,kschniedermf@friendfeed.com,Male,179.173.170.130
809,Tabbitha,Hamby,thambymg@newyorker.com,Female,252.84.110.67
810,Alfie,Childerley,achilderleymh@redcross.org,Female,180.25.97.152
811,Alon,Girhard,agirhardmi@addtoany.com,Male,99.192.98.177
812,Stormie,Winscomb,swinscombmj@usda.gov,Female,126.163.104.153
813,Mattheus,Arnoldi,marnoldimk@yale.edu,Male,90.203.18.171
814,Ulrikaumeko,Duckerin,uduckerinml@tamu.edu,Female,127.78.224.92
815,Junette,McWilliam,jmcwilliammm@unc.edu,Female,104.64.198.57
816,Denny,Arbon,darbonmn@businessinsider.com,Male,59.170.52.45
817,Leeland,Burrass,lburrassmo@freewebs.com,Male,134.23.210.180
818,Constanta,McPhillimey,cmcphillimeymp@theglobeandmail.com,Female,43.78.82.213
819,Kristine,Spohr,kspohrmq@tinypic.com,Female,156.253.126.70
820,Dun,Vasilchenko,dvasilchenkomr@umn.edu,Male,208.141.236.174
821,Emilio,Niche,enichems@scientificamerican.com,Male,225.87.216.139
822,Batholomew,Stanislaw,bstanislawmt@ow.ly,Male,131.85.180.193
823,Derril,Yarnton,dyarntonmu@jimdo.com,Male,190.71.135.123
824,Lilli,Travers,ltraversmv@amazon.com,Female,70.216.225.21
825,Mab,Whittek,mwhittekmw@jimdo.com,Female,206.249.2.8
826,Arley,Bayfield,abayfieldmx@quantcast.com,Male,3.38.113.83
827,Leelah,Khalid,lkhalidmy@smh.com.au,Female,53.71.167.140
828,Elvin,Minchell,eminchellmz@geocities.com,Male,228.47.105.159
829,Free,Eixenberger,feixenbergern0@si.edu,Male,32.51.67.169
830,Merissa,O' Driscoll,modriscolln1@gmpg.org,Female,232.30.126.35
831,Xenia,Benettelli,xbenettellin2@arizona.edu,Female,173.65.36.254
832,Elka,Jenyns,ejenynsn3@live.com,Female,223.145.222.135
833,Jessalyn,Hoston,jhostonn4@webmd.com,Female,177.71.155.250
834,Broderic,Vischi,bvischin5@archive.org,Male,64.229.80.156
835,Rice,Digman,rdigmann6@wsj.com,Male,225.179.134.202
836,Petronia,Isacq,pisacqn7@biglobe.ne.jp,Female,170.229.78.146
837,Curr,Gaze,cgazen8@comsenz.com,Male,143.81.9.214
838,Wilow,Mitchley,wmitchleyn9@cbslocal.com,Female,89.152.119.104
839,Corbie,Kyte,ckytena@ucsd.edu,Male,191.215.223.213
840,Glenna,de Juares,gdejuaresnb@hc360.com,Female,5.193.147.217
841,Josie,Pask,jpasknc@etsy.com,Female,85.93.89.38
842,Faustine,Dunthorn,fdunthornnd@is.gd,Female,122.22.121.252
843,Averell,Harrie,aharriene@wisc.edu,Male,121.107.89.252
844,Anitra,Mynott,amynottnf@dion.ne.jp,Non-binary,111.129.232.46
845,Karita,Fansy,kfansyng@woothemes.com,Female,39.114.8.237
846,Artemis,Padley,apadleynh@techcrunch.com,Male,187.92.166.203
847,Nannie,Broun,nbrounni@vk.com,Genderqueer,245.185.232.80
848,Egon,ducarme,educarmenj@amazon.de,Male,117.163.3.104
849,Nat,Fincken,nfinckennk@mit.edu,Female,67.139.20.133
850,Arie,Worshall,aworshallnl@nationalgeographic.com,Male,177.62.71.67
851,Constantino,Aspling,casplingnm@twitpic.com,Male,65.27.138.84
852,Fanchette,Elph,felphnn@yahoo.com,Female,201.186.155.235
853,Tonnie,Mintoft,tmintoftno@multiply.com,Male,135.203.83.159
854,Paco,Anstead,pansteadnp@sina.com.cn,Male,195.77.179.136
855,Hermy,Kuhn,hkuhnnq@businessweek.com,Male,176.171.114.34
856,Skipton,Handford,shandfordnr@java.com,Male,127.85.84.229
857,Courtnay,Melross,cmelrossns@howstuffworks.com,Male,20.232.93.102
858,Cecelia,MacRinn,cmacrinnnt@indiatimes.com,Female,102.180.179.24
859,Kial,Frenchum,kfrenchumnu@macromedia.com,Female,148.82.112.197
860,Bjorn,McBride,bmcbridenv@ft.com,Male,89.207.231.179
861,Ty,Gland,tglandnw@bing.com,Male,16.52.7.191
862,Malanie,Merrall,mmerrallnx@flickr.com,Female,177.120.37.222
863,Leonore,Aspinwall,laspinwallny@weather.com,Female,87.87.88.73
864,Kalil,Bonfield,kbonfieldnz@independent.co.uk,Male,173.119.95.34
865,Ryun,Corradengo,rcorradengoo0@noaa.gov,Male,230.160.138.189
866,Colene,Vales,cvaleso1@booking.com,Female,126.147.121.97
867,Lev,Blewis,lblewiso2@4shared.com,Male,1.6.74.72
868,Marjorie,Barcroft,mbarcrofto3@theatlantic.com,Female,218.219.53.93
869,Rosabel,Reardon,rreardono4@wordpress.com,Female,101.58.43.152
870,Katusha,Heiden,kheideno5@virginia.edu,Female,115.247.167.35
871,Florian,Casiroli,fcasirolio6@ucoz.ru,Male,85.106.206.16
872,Queenie,Rubica,qrubicao7@dion.ne.jp,Genderqueer,188.232.189.105
873,Nancee,Christley,nchristleyo8@usa.gov,Female,226.248.248.160
874,Raeann,Crofts,rcroftso9@nps.gov,Female,133.5.205.27
875,Tibold,Osborne,tosborneoa@themeforest.net,Male,127.124.247.27
876,Niccolo,Bazely,nbazelyob@opensource.org,Male,255.110.255.254
877,Essy,Crumb,ecrumboc@barnesandnoble.com,Female,32.179.226.18
878,Ebenezer,Ingray,eingrayod@spiegel.de,Male,11.171.8.149
879,Perri,Sanper,psanperoe@amazon.co.jp,Female,116.207.108.49
880,Kelly,Wennam,kwennamof@sohu.com,Male,245.27.132.135
881,Tiphany,Lutman,tlutmanog@skyrock.com,Female,82.149.168.48
882,Shelbi,Height,sheightoh@ucla.edu,Female,159.15.38.171
883,Amanda,Rundle,arundleoi@patch.com,Female,36.1.204.176
884,Haily,Delgado,hdelgadooj@deliciousdays.com,Male,225.40.118.168
885,Eyde,Leys,eleysok@ycombinator.com,Female,134.145.59.153
886,Charin,Piscotti,cpiscottiol@boston.com,Female,46.190.3.31
887,Blanca,Madigan,bmadiganom@pcworld.com,Female,85.102.142.37
888,Xenos,Hannay,xhannayon@baidu.com,Male,112.6.66.211
889,Ellyn,Rosone,erosoneoo@odnoklassniki.ru,Female,173.237.245.247
890,Guthrey,Sudron,gsudronop@myspace.com,Male,48.75.243.245
891,Lesley,Makeswell,lmakeswelloq@csmonitor.com,Male,117.119.34.162
892,Christoforo,Clardge,cclardgeor@cnbc.com,Male,26.109.240.61
893,Luciana,Nockolds,lnockoldsos@cnn.com,Female,114.77.86.87
894,Armando,Dowsing,adowsingot@i2i.jp,Male,23.71.103.146
895,Bary,Woffenden,bwoffendenou@mashable.com,Male,168.40.236.234
896,Elna,Winnett,ewinnettov@cnbc.com,Female,195.155.134.42
897,Kettie,Pittam,kpittamow@symantec.com,Female,199.28.135.158
898,Jackson,Randles,jrandlesox@chicagotribune.com,Male,141.174.10.79
899,Pollyanna,Gobell,pgobelloy@businessweek.com,Female,86.185.164.232
900,King,Frearson,kfrearsonoz@marketwatch.com,Male,195.56.224.136
901,Zebadiah,Peperell,zpeperellp0@narod.ru,Male,50.20.221.38
902,Regan,Bisp,rbispp1@seesaa.net,Male,0.78.148.81
903,Newton,Brimilcome,nbrimilcomep2@deviantart.com,Male,50.23.250.177
904,Starr,Triggol,striggolp3@nymag.com,Female,200.123.161.162
905,Lisbeth,Sugge,lsuggep4@edublogs.org,Female,79.90.93.45
906,Robinett,Dunniom,rdunniomp5@hubpages.com,Female,101.32.117.69
907,Guido,Binge,gbingep6@cpanel.net,Male,220.1.220.100
908,Leoline,Franzetti,lfranzettip7@wordpress.com,Female,27.212.168.218
909,Paddy,Bangiard,pbangiardp8@behance.net,Male,233.108.44.28
910,Walt,Hrachovec,whrachovecp9@patch.com,Male,207.212.254.73
911,Lauritz,Pepis,lpepispa@woothemes.com,Male,148.164.157.242
912,Egbert,Parkin,eparkinpb@wunderground.com,Male,188.78.148.191
913,Corena,Dorward,cdorwardpc@ifeng.com,Female,13.26.225.193
914,Arleyne,Tregea,atregeapd@vinaora.com,Female,52.115.205.160
915,Theda,Bargh,tbarghpe@ocn.ne.jp,Female,138.252.57.182
916,Arron,Potkins,apotkinspf@vistaprint.com,Male,140.73.245.186
917,Mickey,MacGray,mmacgraypg@ovh.net,Male,145.120.177.67
918,Zeke,Cristobal,zcristobalph@sourceforge.net,Male,202.28.9.60
919,Alaine,Van Dale,avandalepi@quantcast.com,Female,202.128.166.167
920,Pepillo,Galway,pgalwaypj@zdnet.com,Male,98.70.120.27
921,Correy,Blockwell,cblockwellpk@mozilla.com,Male,153.14.171.242
922,Normy,Oxlade,noxladepl@diigo.com,Male,29.112.149.20
923,Iorgos,Anscombe,ianscombepm@uol.com.br,Male,248.237.181.120
924,Meade,Hardi,mhardipn@ihg.com,Male,4.54.30.194
925,Karel,Hansemann,khansemannpo@google.com.au,Male,60.126.254.132
926,Jobi,Dyball,jdyballpp@qq.com,Female,210.242.186.22
927,Sada,Heller,shellerpq@topsy.com,Female,100.21.250.65
928,Shanan,Rowe,srowepr@epa.gov,Agender,219.212.183.162
929,Kaiser,Ebanks,kebanksps@dot.gov,Male,162.35.100.140
930,Inga,Rowlson,irowlsonpt@timesonline.co.uk,Female,173.109.219.231
931,Decca,Josiah,djosiahpu@theatlantic.com,Male,107.175.97.234
932,Sly,Sheere,ssheerepv@china.com.cn,Non-binary,76.168.95.73
933,Cammy,D'Avaux,cdavauxpw@economist.com,Polygender,201.232.229.245
934,Jonathon,Godding,jgoddingpx@wired.com,Male,45.140.119.136
935,Poul,Rowbottam,prowbottampy@prlog.org,Male,157.114.246.96
936,Eliza,Fernyhough,efernyhoughpz@nationalgeographic.com,Female,228.90.8.165
937,Frederick,Tal,ftalq0@prlog.org,Bigender,253.19.55.66
938,Jerrilyn,Berdale,jberdaleq1@alexa.com,Female,50.150.143.70
939,Berk,Luetchford,bluetchfordq2@phpbb.com,Male,210.95.107.238
940,Antonino,Pettifor,apettiforq3@msu.edu,Male,164.224.169.25
941,Corny,Mintrim,cmintrimq4@samsung.com,Female,99.157.89.193
942,Rora,Mundee,rmundeeq5@tiny.cc,Female,77.96.167.239
943,Carroll,Hounson,chounsonq6@ning.com,Male,49.171.1.203
944,Bren,Maryan,bmaryanq7@paypal.com,Female,72.44.95.70
945,Ruthe,Hassur,rhassurq8@independent.co.uk,Female,47.214.56.178
946,Mozes,Vondracek,mvondracekq9@unblog.fr,Male,67.75.107.48
947,Raychel,Bolden,rboldenqa@google.com.br,Agender,37.163.187.107
948,Frederica,Rumney,frumneyqb@hatena.ne.jp,Female,219.247.232.38
949,Mason,Stirman,mstirmanqc@whitehouse.gov,Male,186.48.148.166
950,Artemis,Sibbons,asibbonsqd@fotki.com,Male,124.62.230.148
951,Raquela,Aupol,raupolqe@wikispaces.com,Bigender,85.50.253.48
952,Neddy,Pringour,npringourqf@ehow.com,Male,5.207.158.42
953,Percival,Rogeron,progeronqg@sitemeter.com,Male,73.17.177.83
954,Martyn,Pridmore,mpridmoreqh@princeton.edu,Male,67.65.254.33
955,Ferdy,Mitford,fmitfordqi@webnode.com,Male,30.197.139.12
956,Engracia,Draco,edracoqj@163.com,Female,151.144.160.245
957,Lynn,Pietrusiak,lpietrusiakqk@prnewswire.com,Male,63.26.214.147
958,Guenna,Clashe,gclasheql@imageshack.us,Female,4.7.207.167
959,Tremain,Houlden,thouldenqm@goo.gl,Male,233.123.103.180
960,Baldwin,Buddles,bbuddlesqn@yahoo.com,Male,52.129.145.190
961,Marlie,Franek,mfranekqo@over-blog.com,Female,26.61.52.136
962,Kent,Boynes,kboynesqp@google.com.br,Male,144.91.32.220
963,Quintana,Crang,qcrangqq@nhs.uk,Female,98.46.7.191
964,Ferguson,Tagg,ftaggqr@google.pl,Male,41.6.244.116
965,Latashia,Gibby,lgibbyqs@comsenz.com,Non-binary,38.74.6.3
966,Osborn,Asplen,oasplenqt@dagondesign.com,Male,195.82.113.69
967,Matty,Dannehl,mdannehlqu@ovh.net,Male,190.40.242.222
968,Marja,Scanderet,mscanderetqv@yellowbook.com,Female,65.241.55.115
969,Milena,Murcutt,mmurcuttqw@upenn.edu,Female,16.150.104.115
970,Howey,Boeck,hboeckqx@china.com.cn,Male,213.74.169.147
971,Des,Ling,dlingqy@utexas.edu,Male,148.107.71.101
972,Colman,Hamflett,chamflettqz@jalbum.net,Male,225.32.123.223
973,Teddi,Freezor,tfreezorr0@tmall.com,Female,196.247.254.47
974,Genovera,Mertel,gmertelr1@walmart.com,Female,87.210.52.111
975,Skipp,Polak,spolakr2@arstechnica.com,Male,78.249.209.124
976,Kleon,Pratty,kprattyr3@mac.com,Male,56.83.105.25
977,Jehu,Lumbly,jlumblyr4@gmpg.org,Male,157.100.161.169
978,Dori,Keers,dkeersr5@google.de,Female,7.90.88.176
979,Blondelle,Kolis,bkolisr6@unicef.org,Female,244.220.29.12
980,Johan,Dwelley,jdwelleyr7@sun.com,Male,191.186.180.85
981,Millicent,Buckthought,mbuckthoughtr8@shop-pro.jp,Female,248.154.187.173
982,Larisa,Cahalin,lcahalinr9@huffingtonpost.com,Female,194.254.209.53
983,Simonne,Lathy,slathyra@behance.net,Female,249.19.94.141
984,Zita,Ebertz,zebertzrb@ehow.com,Female,250.219.61.13
985,Bamby,Rosling,broslingrc@amazonaws.com,Female,191.97.115.27
986,Drud,Schall,dschallrd@over-blog.com,Male,63.38.157.113
987,Guntar,Sandercock,gsandercockre@apache.org,Male,168.76.83.212
988,Blisse,Mayhow,bmayhowrf@de.vu,Female,144.58.23.20
989,Langsdon,Handslip,lhandsliprg@oaic.gov.au,Male,198.155.148.170
990,Woody,Renn,wrennrh@umn.edu,Male,110.76.64.99
991,Bobbie,Lippitt,blippittri@nymag.com,Polygender,187.95.29.186
992,Merralee,Faucett,mfaucettrj@exblog.jp,Female,206.72.39.50
993,Clayborne,Rowter,crowterrk@prnewswire.com,Male,86.103.195.170
994,Dita,holmes,dholmesrl@domainmarket.com,Female,134.104.210.123
995,Clayborne,Minister,cministerrm@noaa.gov,Male,171.91.137.38
996,Augustus,Wreford,awrefordrn@merriam-webster.com,Male,205.20.70.151
997,Cynthea,Gowdy,cgowdyro@multiply.com,Female,84.58.20.150
998,Tedi,Markovich,tmarkovichrp@google.nl,Female,109.49.101.45
999,Tasha,Pindell,tpindellrq@networksolutions.com,Female,101.234.37.159
1000,Gretta,Greenrde,ggreenrderr@hatena.ne.jp,Female,73.35.38.36
